<?xml version="1.0" encoding="utf-8"?>
<Ui xmlns:xsi="http://www.w3.org/2001/XMLSchema-instance" xmlns="http://www.blizzard.com/wow/ui/" xsi:schemaLocation="http://www.blizzard.com/wow/ui/
..\FrameXML\UI.xsd">

    <Include file="Database\Filters\Alchemy.lua"/>
    <Include file="Database\Filters\Blacksmithing.lua"/>
    <Include file="Database\Filters\Enchanting.lua"/>
    <Include file="Database\Filters\Engineering.lua"/>
    <Include file="Database\Filters\Inscription.lua"/>
    <Include file="Database\Filters\Jewelcrafting.lua"/>
    <Include file="Database\Filters\Leatherworking.lua"/>
    <Include file="Database\Filters\Tailoring.lua"/>

    <Include file="Database\Recipes\Alchemy.lua"/>
    <Include file="Database\Recipes\Blacksmithing.lua"/>
    <Include file="Database\Recipes\Cooking.lua"/>
    <Include file="Database\Recipes\Enchanting.lua"/>
    <Include file="Database\Recipes\Engineering.lua"/>
    <Include file="Database\Recipes\FirstAid.lua"/>
    <Include file="Database\Recipes\Inscription.lua"/>
    <Include file="Database\Recipes\Jewelcrafting.lua"/>
    <Include file="Database\Recipes\Leatherworking.lua"/>
    <Include file="Database\Recipes\Runeforging.lua"/>
    <Include file="Database\Recipes\Smelting.lua"/>
    <Include file="Database\Recipes\Tailoring.lua"/>

    <Include file="Database\Custom.lua"/>
    <Include file="Database\Discovery.lua"/>
    <Include file="Database\Mob.lua"/>
    <Include file="Database\Quest.lua"/>
    <Include file="Database\Reputation.lua"/>
    <Include file="Database\Seasonal.lua"/>
    <Include file="Database\Trainer.lua"/>
    <Include file="Database\Vendor.lua"/>

    <Include file="Database\Trainers\Alchemy.lua"/>
    <Include file="Database\Trainers\Blacksmithing.lua"/>
    <Include file="Database\Trainers\Cooking.lua"/>
    <Include file="Database\Trainers\Enchanting.lua"/>
    <Include file="Database\Trainers\Engineering.lua"/>
    <Include file="Database\Trainers\FirstAid.lua"/>
    <Include file="Database\Trainers\Inscription.lua"/>
    <Include file="Database\Trainers\Jewelcrafting.lua"/>
    <Include file="Database\Trainers\Leatherworking.lua"/>
    <Include file="Database\Trainers\Runeforging.lua"/>
    <Include file="Database\Trainers\Smelting.lua"/>
    <Include file="Database\Trainers\Tailoring.lua"/>
</Ui>
